{"cameraMode":{"drawMode":0,"name":"Shaded","section":"Shading Mode"},"sceneLighting":true,"audioPlay":false,"sceneViewState":{"showFog":true,"showMaterialUpdate":false,"showSkybox":true,"showFlares":true,"showImageEffects":true,"showParticleSystems":true,"showVisualEffectGraphs":true,"m_FxEnabled":true},"in2DMode":false,"pivot":{"x":-0.6510221362113953,"y":0.4408453404903412,"z":0.7569605112075806},"rotation":{"x":-0.15138791501522065,"y":0.18766723573207856,"z":-0.02928757667541504,"w":-0.9700683355331421},"size":2.0035347938537599,"orthographic":false}