{"cameraMode":{"drawMode":0,"name":"Shaded","section":"Shading Mode"},"sceneLighting":true,"audioPlay":false,"sceneViewState":{"m_AlwaysRefresh":false,"showFog":true,"showSkybox":true,"showFlares":true,"showImageEffects":true,"showParticleSystems":true,"showVisualEffectGraphs":true,"m_FxEnabled":true},"in2DMode":false,"pivot":{"x":-5.112666606903076,"y":-126.13868713378906,"z":166.09127807617188},"rotation":{"x":0.3271624445915222,"y":-0.00851559080183506,"z":0.002931751776486635,"w":0.9449397325515747},"size":109.99217987060547,"orthographic":false}