{"cameraMode":{"drawMode":0,"name":"Shaded","section":"Shading Mode"},"sceneLighting":false,"audioPlay":false,"sceneViewState":{"m_AlwaysRefresh":false,"showFog":true,"showSkybox":false,"showFlares":true,"showImageEffects":true,"showParticleSystems":true,"showVisualEffectGraphs":true,"m_FxEnabled":true},"in2DMode":false,"pivot":{"x":306.5389709472656,"y":200.61865234375,"z":-1.6493525505065919},"rotation":{"x":-0.16159991919994355,"y":0.0005884658312425017,"z":-0.00009920743468683213,"w":-0.986867368221283},"size":101.92190551757813,"orthographic":false}