{"cameraMode":{"drawMode":0,"name":"Shaded","section":"Shading Mode"},"sceneLighting":true,"audioPlay":false,"sceneViewState":{"m_AlwaysRefresh":false,"showFog":true,"showSkybox":true,"showFlares":true,"showImageEffects":true,"showParticleSystems":true,"showVisualEffectGraphs":true,"m_FxEnabled":true},"in2DMode":false,"pivot":{"x":414.9506530761719,"y":59.76185989379883,"z":612.7550048828125},"rotation":{"x":0.11093346774578095,"y":0.05097172409296036,"z":-0.005693890154361725,"w":0.9924986958503723},"size":0.8660253882408142,"orthographic":false}